City_ID,City,Country,Date,Lat,Lng,Max Temp,Humidity,Cloudiness,Wind Speed
0,Hermanus,ZA,2021-01-30 03:32:57,-34.4187,19.2345,62.01,90,63,1.01
1,Bredasdorp,ZA,2021-01-30 03:32:58,-34.5322,20.0403,62.01,90,93,1.01
2,Hualmay,PE,2021-01-30 03:32:58,-11.0964,-77.6139,70.59,79,85,5.86
3,Codrington,AU,2021-01-30 03:32:58,-38.2667,141.9667,62.94,71,100,11.74
4,Santa Luzia,BR,2021-01-30 03:32:58,-19.7697,-43.8514,73.4,64,0,4.61
5,Nouakchott,MR,2021-01-30 03:32:58,18.0858,-15.9785,64.4,22,100,9.22
6,Qaanaaq,GL,2021-01-30 03:32:58,77.484,-69.3632,-13.32,63,0,5.21
7,Bonavista,CA,2021-01-30 03:32:58,48.6499,-53.1147,27.0,93,100,6.91
8,Port Alfred,ZA,2021-01-30 03:32:58,-33.5906,26.891,66.0,81,15,6.71
9,East London,ZA,2021-01-30 03:32:58,-33.0153,27.9116,69.75,72,38,3.42
10,Ushuaia,AR,2021-01-30 03:31:24,-54.8,-68.3,42.8,75,40,17.27
11,Cape Town,ZA,2021-01-30 03:30:08,-33.9258,18.4232,70.0,94,75,3.44
12,Camacha,PT,2021-01-30 03:32:59,33.0833,-16.3333,60.8,88,75,9.22
13,Praia Da Vitoria,PT,2021-01-30 03:32:59,38.7333,-27.0667,59.0,82,20,18.12
14,Tasiilaq,GL,2021-01-30 03:32:59,65.6145,-37.6368,15.8,53,90,21.85
15,Touros,BR,2021-01-30 03:32:59,-5.1989,-35.4608,77.0,88,40,4.61
16,Mar Del Plata,AR,2021-01-30 03:32:05,-38.0023,-57.5575,70.0,94,75,4.61
17,Hithadhoo,MV,2021-01-30 03:32:59,-0.6,73.0833,81.99,76,35,12.93
18,Punta Arenas,CL,2021-01-30 03:33:00,-53.15,-70.9167,46.4,81,40,20.71
19,Vargem Grande,BR,2021-01-30 03:33:00,-3.5431,-43.9158,73.42,97,99,2.3
20,Matara,LK,2021-01-30 03:33:00,5.9485,80.5353,82.76,70,3,1.66
21,Camabatela,AO,2021-01-30 03:33:00,-8.1881,15.375,62.19,100,100,1.92
22,Port Elizabeth,ZA,2021-01-30 03:33:00,-33.918,25.5701,57.2,88,0,4.61
23,Ampanihy,MG,2021-01-30 03:33:00,-24.7,44.75,82.15,60,7,10.89
24,Longyearbyen,SJ,2021-01-30 03:33:00,78.2186,15.6401,-0.4,50,20,24.16
25,Khromtau,KZ,2021-01-30 03:29:05,50.2503,58.4347,16.45,98,100,9.33
26,Lagoa,PT,2021-01-30 03:33:01,39.05,-27.9833,60.13,83,100,20.0
27,Baracoa,CU,2021-01-30 03:33:01,20.3467,-74.4958,70.47,78,93,13.18
28,Waddan,LY,2021-01-30 03:33:01,29.1614,16.139,53.33,51,0,5.01
29,Pesaro,IT,2021-01-30 03:33:01,43.9036,12.8903,32.0,93,6,5.75
30,Westport,US,2021-01-30 03:31:10,41.1415,-73.3579,17.6,45,1,12.66
31,Micheweni,TZ,2021-01-30 03:33:01,-4.9667,39.8333,80.51,80,54,10.49
32,Isla Mujeres,MX,2021-01-30 03:33:02,21.2311,-86.731,73.99,64,75,5.75
33,Sao Joao Da Barra,BR,2021-01-30 03:33:02,-21.6403,-41.0511,77.29,81,22,20.74
34,Saint-Augustin,CA,2021-01-30 03:33:02,51.226,-58.6502,13.12,92,62,10.18
35,Dikson,RU,2021-01-30 03:33:02,73.5069,80.5464,-33.92,84,96,7.52
36,Chapada Dos Guimaraes,BR,2021-01-30 03:33:02,-15.4606,-55.7497,78.8,78,75,9.22
37,Clarence Town,AU,2021-01-30 03:33:02,-32.5833,151.7833,87.01,69,100,8.05
38,Pindiga,NG,2021-01-30 03:33:03,9.9833,10.9333,66.36,24,0,10.78
39,Saldanha,ZA,2021-01-30 03:33:03,-33.0117,17.9442,65.53,80,60,10.8
40,Abha,SA,2021-01-30 03:33:03,18.2164,42.5053,51.8,34,0,1.3
41,Ribeira Grande,PT,2021-01-30 03:33:03,38.5167,-28.7,61.41,83,94,24.92
42,Castro,BR,2021-01-30 03:33:03,-24.7911,-50.0119,62.58,95,100,3.09
43,Vestmannaeyjar,IS,2021-01-30 03:33:03,63.4427,-20.2734,35.22,82,100,7.9
44,Faya,SA,2021-01-30 03:33:03,18.3851,42.4509,51.8,34,0,0.74
45,Nanortalik,GL,2021-01-30 03:33:04,60.1432,-45.2371,31.86,92,97,8.52
46,Ust-Kulom,RU,2021-01-30 03:33:04,61.6864,53.6902,17.13,96,100,11.97
47,Shelburne,CA,2021-01-30 03:33:04,44.0787,-80.2041,19.4,79,90,2.3
48,Beyneu,KZ,2021-01-30 03:33:04,45.3167,55.2,31.53,97,39,4.79
49,Caarapo,BR,2021-01-30 03:33:04,-22.6342,-54.8222,70.09,97,100,5.17
50,Necochea,AR,2021-01-30 03:33:04,-38.5473,-58.7368,64.99,78,58,4.0
51,Coquimbo,CL,2021-01-30 03:33:04,-29.9533,-71.3436,62.6,82,20,5.75
52,Upernavik,GL,2021-01-30 03:33:05,72.7868,-56.1549,-8.82,83,0,10.2
53,Mahebourg,MU,2021-01-30 03:33:05,-20.4081,57.7,78.8,89,40,8.05
54,Sehwan,PK,2021-01-30 03:33:05,26.4279,67.863,48.2,71,0,2.3
55,Gari,RU,2021-01-30 03:33:05,59.4307,62.3497,-4.02,92,100,8.37
56,Coihaique,CL,2021-01-30 03:33:05,-45.5752,-72.0662,44.6,81,0,2.3
57,Epe,NG,2021-01-30 03:33:05,6.5841,3.9834,77.18,92,100,3.47
58,Nouadhibou,MR,2021-01-30 03:33:05,20.931,-17.0347,66.2,59,32,14.97
59,Gunjur,GM,2021-01-30 03:33:06,13.2019,-16.7339,66.2,72,0,3.44
60,Ambanja,MG,2021-01-30 03:33:06,-13.6833,48.45,73.4,87,75,2.3
61,Saint George,US,2021-01-30 03:29:11,37.1041,-113.5841,37.99,93,90,8.05
62,Hambantota,LK,2021-01-30 03:33:06,6.1241,81.1185,80.6,89,20,9.22
63,Grindavik,IS,2021-01-30 03:33:06,63.8424,-22.4338,33.8,86,75,4.61
64,La Fria,VE,2021-01-30 03:33:06,8.2203,-72.2439,74.21,73,69,2.3
65,Awbari,LY,2021-01-30 03:33:06,26.5921,12.7805,48.24,63,0,3.8
66,Aasiaat,GL,2021-01-30 03:33:07,68.7098,-52.8699,-0.9,89,0,3.29
67,Umm Lajj,SA,2021-01-30 03:33:07,25.0213,37.2685,62.26,50,0,10.51
68,Ajdabiya,LY,2021-01-30 03:33:07,30.7554,20.2263,57.27,67,0,10.69
69,Strezhevoy,RU,2021-01-30 03:33:07,60.7333,77.5889,-43.6,73,0,2.24
70,Puerto Del Rosario,ES,2021-01-30 03:33:07,28.5004,-13.8627,62.6,88,0,11.5
71,Bubaque,GW,2021-01-30 03:33:07,11.2833,-15.8333,78.24,65,0,9.66
72,Adrar,MR,2021-01-30 03:33:07,20.5022,-10.0711,61.43,28,0,10.38
73,Mayma,RU,2021-01-30 03:33:07,52.0197,85.9114,23.97,96,100,3.67
74,Kyenjojo,UG,2021-01-30 03:33:08,0.6328,30.6214,64.0,58,42,0.36
75,Methoni,GR,2021-01-30 03:33:08,36.8197,21.7049,55.99,86,100,4.61
76,Dvinskoy,RU,2021-01-30 03:33:08,62.1535,45.1175,19.04,97,100,7.14
77,Namibe,AO,2021-01-30 03:33:08,-15.1961,12.1522,73.29,78,99,7.99
78,Chanika,TZ,2021-01-30 03:33:08,-5.4167,38.0167,68.31,97,99,1.23
79,Berlevag,NO,2021-01-30 03:33:08,70.8578,29.0864,25.7,96,100,19.19
80,Sao Mateus,BR,2021-01-30 03:29:31,-18.7161,-39.8589,74.52,88,2,4.59
81,Saint-Philippe,RE,2021-01-30 03:33:09,-21.3585,55.7679,80.6,57,0,5.75
82,Chapais,CA,2021-01-30 03:33:09,49.7834,-74.8492,-0.4,78,90,10.36
83,Voyvozh,RU,2021-01-30 03:33:09,62.892,54.9635,-1.52,92,100,12.03
84,Vargashi,RU,2021-01-30 03:33:09,55.3556,65.8467,15.22,94,100,9.6
85,Maldonado,UY,2021-01-30 03:33:09,-34.6667,-54.9167,72.0,88,0,5.75
86,Ponta Do Sol,PT,2021-01-30 03:33:09,32.6667,-17.1,57.99,76,16,4.0
87,Bilma,NE,2021-01-30 03:33:09,18.6853,12.9164,57.58,31,33,6.44
88,Souillac,MU,2021-01-30 03:33:10,-20.5167,57.5167,78.8,89,40,8.05
89,Kavaratti,IN,2021-01-30 03:33:10,10.5669,72.642,80.35,73,19,11.25
90,Jumla,NP,2021-01-30 03:33:10,29.2747,82.1838,42.49,36,0,2.48
91,Manaus,BR,2021-01-30 03:33:10,-3.1019,-60.025,75.2,100,0,2.3
92,Praia,CV,2021-01-30 03:33:10,14.9215,-23.5087,73.4,53,0,16.11
93,Sabratah,LY,2021-01-30 03:31:01,32.7933,12.4885,59.31,48,0,15.3
94,Doha,QA,2021-01-30 03:28:55,25.2867,51.5333,68.0,82,0,8.05
95,Aksu,CN,2021-01-30 03:33:10,41.1231,80.2644,28.17,72,0,2.3
96,Busselton,AU,2021-01-30 03:33:11,-33.65,115.3333,82.0,45,0,5.99
97,Great Yarmouth,GB,2021-01-30 03:33:11,52.6083,1.7305,41.0,87,20,9.22
98,Margate,GB,2021-01-30 03:33:11,51.3813,1.3862,48.0,90,100,1.99
99,Klaksvik,FO,2021-01-30 03:33:11,62.2266,-6.589,33.8,64,75,4.61
100,Luba,GQ,2021-01-30 03:33:11,3.4568,8.5547,73.4,100,20,5.75
101,Torbay,CA,2021-01-30 03:33:11,47.6666,-52.7314,28.0,93,90,20.71
102,Pangnirtung,CA,2021-01-30 03:33:12,66.1451,-65.7125,-5.8,65,1,2.3
103,Marawi,PH,2021-01-30 03:33:12,7.9986,124.2928,80.01,80,75,3.0
104,Mumford,GH,2021-01-30 03:33:12,5.2618,-0.759,77.9,86,50,7.38
105,Nalut,LY,2021-01-30 03:33:12,30.3333,10.85,50.83,47,0,5.75
106,Yayva,RU,2021-01-30 03:33:12,59.3303,57.2641,6.01,61,100,5.01
107,Chuy,UY,2021-01-30 03:33:12,-33.6971,-53.4616,67.24,92,2,1.21
108,Valdivia,CL,2021-01-30 03:32:04,-39.8142,-73.2459,53.6,94,20,2.3
109,Beruwala,LK,2021-01-30 03:33:13,6.4788,79.9828,81.75,69,0,3.24
110,Hamilton,US,2021-01-30 03:29:25,39.1834,-84.5333,26.6,63,75,5.75
111,Yarada,IN,2021-01-30 03:33:13,17.65,83.2667,77.0,83,75,3.44
112,Vila Velha,BR,2021-01-30 03:30:00,-20.3297,-40.2925,78.8,78,75,6.91
113,Pechora,RU,2021-01-30 03:33:13,65.1472,57.2244,-3.57,90,100,7.05
114,Luderitz,NA,2021-01-30 03:33:13,-26.6481,15.1594,64.8,55,0,21.34
115,Kruisfontein,ZA,2021-01-30 03:33:13,-34.0033,24.7314,55.0,90,0,1.99
116,Umm Kaddadah,SD,2021-01-30 03:33:14,13.6017,26.6876,58.64,32,0,17.74
117,Thompson,CA,2021-01-30 03:33:14,55.7435,-97.8558,10.4,85,90,4.61
118,Diffa,NE,2021-01-30 03:33:14,13.3154,12.6113,62.67,30,0,12.28
119,Vila Franca Do Campo,PT,2021-01-30 03:33:14,37.7167,-25.4333,59.0,94,20,8.05
120,Marsabit,KE,2021-01-30 03:33:14,2.3284,37.9899,61.99,94,5,14.38
121,Lebu,CL,2021-01-30 03:33:14,-37.6167,-73.65,56.89,90,96,6.08
122,Aswan,EG,2021-01-30 03:33:14,24.0934,32.907,47.95,57,0,7.56
123,Springbok,ZA,2021-01-30 03:33:14,-29.6643,17.8865,52.92,42,0,2.64
124,Jaguaruna,BR,2021-01-30 03:33:15,-28.615,-49.0256,74.08,91,100,4.43
125,Arraial Do Cabo,BR,2021-01-30 03:33:15,-22.9661,-42.0278,76.84,84,77,24.63
126,Olafsvik,IS,2021-01-30 03:33:15,64.8945,-23.7142,28.76,97,100,18.84
127,Gemena,CD,2021-01-30 03:33:15,3.25,19.7667,73.51,79,99,1.52
128,Bataipora,BR,2021-01-30 03:33:15,-22.2953,-53.2711,70.3,95,93,3.98
129,Machico,PT,2021-01-30 03:33:15,32.7,-16.7667,59.0,82,20,4.61
130,Jamestown,US,2021-01-30 03:29:25,42.097,-79.2353,19.0,73,90,13.8
131,Saint-Pierre,RE,2021-01-30 03:33:16,-21.3393,55.4781,80.6,57,0,5.75
132,Port-Gentil,GA,2021-01-30 03:32:27,-0.7193,8.7815,80.37,82,100,9.46
133,Iqaluit,CA,2021-01-30 03:29:01,63.7506,-68.5145,-13.0,70,1,27.63
134,Primorsk,UA,2021-01-30 03:33:16,46.7348,36.3443,39.96,92,100,18.63
135,Saint-Joseph,RE,2021-01-30 03:33:16,-21.3667,55.6167,80.6,57,0,5.75
136,Passo De Camaragibe,BR,2021-01-30 03:33:16,-9.2368,-35.4901,75.2,94,75,2.3
137,Luangwa,ZM,2021-01-30 03:33:16,-15.6167,30.4167,73.04,92,100,3.44
138,Boa Vista,BR,2021-01-30 03:33:17,2.8197,-60.6733,82.4,61,0,11.5
139,Georgetown,MY,2021-01-30 03:33:17,5.4112,100.3354,86.0,61,20,8.05
140,Ostrovnoy,RU,2021-01-30 03:33:17,68.0531,39.5131,9.39,94,100,16.98
141,Odweyne,SO,2021-01-30 03:33:17,9.4092,45.064,61.97,60,0,6.64
142,Nuuk,GL,2021-01-30 03:33:17,64.1835,-51.7216,23.0,93,0,10.36
143,Saryozek,KZ,2021-01-30 03:33:17,44.3583,77.9753,25.68,83,0,5.73
144,Moose Factory,CA,2021-01-30 03:33:17,51.2585,-80.6094,-0.4,78,90,8.05
145,Mayumba,GA,2021-01-30 03:33:18,-3.432,10.6554,76.57,90,100,4.23
146,Teodoro Sampaio,BR,2021-01-30 03:29:06,-22.5325,-52.1675,72.75,89,100,2.93
147,Jablah,SY,2021-01-30 03:33:18,35.3614,35.9256,55.4,47,40,10.36
148,Naples,IT,2021-01-30 03:28:29,40.8333,14.25,55.0,87,0,4.61
149,Fort Payne,US,2021-01-30 03:33:18,34.4442,-85.7197,35.01,74,1,3.2
150,Ilhabela,BR,2021-01-30 03:33:18,-23.7781,-45.3581,79.83,73,100,2.08
151,Los Llanos De Aridane,ES,2021-01-30 03:33:18,28.6585,-17.9182,62.6,88,75,5.75
152,Sur,OM,2021-01-30 03:33:18,22.5667,59.5289,67.75,41,0,6.49
153,Aleksandrov Gay,RU,2021-01-30 03:33:19,50.147,48.5704,23.07,96,99,7.67
154,Voskresenskoye,RU,2021-01-30 03:33:19,56.8381,45.4317,19.44,97,78,7.94
155,Keti Bandar,PK,2021-01-30 03:33:19,24.1447,67.4497,67.39,50,0,4.38
156,Konstantynow Lodzki,PL,2021-01-30 03:33:19,51.7478,19.3256,26.01,86,20,4.61
157,Benghazi,LY,2021-01-30 03:33:19,32.1167,20.0667,62.98,79,10,15.14
158,Boddam,GB,2021-01-30 03:33:19,57.4667,-1.7833,28.99,100,75,1.14
159,Narsaq,GL,2021-01-30 03:33:20,60.9167,-46.05,42.8,33,75,26.46
160,Vilcun,CL,2021-01-30 03:33:20,-38.65,-72.2333,55.4,94,0,5.75
161,Akonolinga,CM,2021-01-30 03:33:20,3.7667,12.25,67.73,96,95,2.24
162,Rafsanjan,IR,2021-01-30 03:33:20,30.4067,55.9939,54.86,37,31,10.92
163,Maun,BW,2021-01-30 03:33:20,-19.9833,23.4167,66.2,100,75,5.75
164,Corbelia,BR,2021-01-30 03:33:20,-24.7989,-53.3067,66.36,100,100,3.15
165,Kaoma,ZM,2021-01-30 03:33:20,-14.7833,24.8,64.33,94,95,2.86
166,Buraydah,SA,2021-01-30 03:33:20,26.326,43.975,48.2,71,0,4.61
167,Bathsheba,BB,2021-01-30 03:33:21,13.2167,-59.5167,77.0,78,20,11.5
168,Trairi,BR,2021-01-30 03:33:21,-3.2778,-39.2689,78.57,83,97,9.48
169,Tunceli,TR,2021-01-30 03:33:21,39.1083,39.5471,30.2,80,90,4.61
170,Harwich,GB,2021-01-30 03:33:21,51.9419,1.2844,42.01,86,100,11.99
171,Richards Bay,ZA,2021-01-30 03:33:21,-28.783,32.0377,71.89,89,66,1.97
172,Ginda,IN,2021-01-30 03:33:21,30.6945,78.4932,51.44,28,0,1.36
173,Paamiut,GL,2021-01-30 03:33:22,61.994,-49.6678,34.32,80,100,9.6
174,Turukhansk,RU,2021-01-30 03:33:22,65.8167,87.9833,-30.14,77,89,6.55
175,Carnarvon,AU,2021-01-30 03:33:22,-24.8667,113.6333,105.8,21,0,18.41
176,Dingle,PH,2021-01-30 03:33:22,10.9995,122.6711,77.18,85,100,17.18
177,Gilleleje,DK,2021-01-30 03:33:22,56.122,12.3106,27.0,82,69,9.71
178,Buta,CD,2021-01-30 03:33:22,2.7858,24.73,67.73,95,81,1.45
179,Pokhara,NP,2021-01-30 03:28:34,28.2333,83.9833,57.63,30,0,2.15
180,Lagos,NG,2021-01-30 03:33:22,6.5833,3.75,77.67,90,97,3.24
181,Danilov,RU,2021-01-30 03:33:23,58.1908,40.1717,24.22,98,100,9.89
182,Calama,CL,2021-01-30 03:33:23,-22.4667,-68.9333,53.6,14,0,5.75
183,Kavali,IN,2021-01-30 03:32:02,14.9167,79.9833,78.19,65,100,2.15
184,Meredith,US,2021-01-30 03:33:23,43.6576,-71.5004,8.01,66,1,11.5
185,Gubkinskiy,RU,2021-01-30 03:33:23,64.434,76.5026,-41.58,82,15,3.24
186,Korba,IN,2021-01-30 03:33:23,22.35,82.6833,66.52,26,0,7.83
187,Strzelin,PL,2021-01-30 03:33:23,50.7816,17.0648,32.0,100,75,8.05
188,Marovoay,MG,2021-01-30 03:33:23,-16.1,46.6333,71.6,94,20,4.61
189,Vilhena,BR,2021-01-30 03:33:24,-12.7406,-60.1458,69.46,98,94,4.23
190,Varniai,LT,2021-01-30 03:33:24,55.7406,22.3644,26.6,93,90,11.5
191,Sindor,RU,2021-01-30 03:33:24,62.8629,51.8905,17.65,96,100,11.41
192,Itarantim,BR,2021-01-30 03:33:24,-15.6597,-40.0656,66.92,97,85,1.52
193,Nicoya,CR,2021-01-30 03:33:24,10.1483,-85.452,78.8,57,0,23.02
194,Tabou,CI,2021-01-30 03:33:24,4.423,-7.3528,77.22,89,0,5.82
195,Pimentel,PE,2021-01-30 03:33:24,-6.8367,-79.9342,71.47,79,51,12.82
196,Pitimbu,BR,2021-01-30 03:33:24,-7.4706,-34.8086,80.6,78,75,9.22
197,Sirvintos,LT,2021-01-30 03:33:25,55.05,24.95,24.01,93,90,10.36
198,General Pico,AR,2021-01-30 03:31:09,-35.6566,-63.7568,65.28,53,99,6.35
199,Henties Bay,NA,2021-01-30 03:33:25,-22.116,14.2845,66.99,82,41,3.96
200,Porbandar,IN,2021-01-30 03:33:25,21.6422,69.6093,55.4,54,21,6.91
201,Lima,PE,2021-01-30 03:33:25,-12.0432,-77.0282,75.0,83,0,11.5
202,Supata,CO,2021-01-30 03:33:25,5.061,-74.2372,51.8,82,20,6.91
203,Puerto Colombia,CO,2021-01-30 03:33:25,10.9878,-74.9547,78.8,73,0,16.11
204,Cordoba,AR,2021-01-30 03:29:26,-31.4135,-64.1811,72.0,100,90,6.91
205,Kenmare,IE,2021-01-30 03:33:26,51.8833,-9.5833,47.48,91,91,6.13
206,Belmonte,BR,2021-01-30 03:33:26,-15.8631,-38.8828,78.8,73,20,9.22
207,Barra Do Garcas,BR,2021-01-30 03:33:26,-15.89,-52.2567,74.01,86,100,1.23
208,Sept-Iles,CA,2021-01-30 03:33:26,50.2001,-66.3821,10.4,61,0,8.05
209,Keflavik,IS,2021-01-30 03:33:26,64.0049,-22.5624,33.8,86,75,4.61
210,Moussoro,TD,2021-01-30 03:33:26,13.6408,16.4901,63.45,25,36,15.05
211,Cidreira,BR,2021-01-30 03:33:26,-30.1811,-50.2056,75.07,89,13,4.76
212,Montmagny,FR,2021-01-30 03:33:27,48.9734,2.3469,48.2,93,90,6.91
213,Najran,SA,2021-01-30 03:33:27,17.4924,44.1277,59.0,26,0,4.61
214,Qaqortoq,GL,2021-01-30 03:33:27,60.7167,-46.0333,42.8,33,75,26.46
215,Sinnamary,GF,2021-01-30 03:33:27,5.3833,-52.95,76.93,88,92,13.09
216,Vardo,NO,2021-01-30 03:33:27,70.3705,31.1107,26.37,97,100,20.11
217,Queimadas,BR,2021-01-30 03:33:27,-10.9783,-39.6264,69.98,89,100,5.3
218,Ploemeur,FR,2021-01-30 03:33:27,47.7333,-3.4333,52.0,100,90,21.85
219,Knysna,ZA,2021-01-30 03:33:27,-34.0363,23.0471,57.2,88,0,5.75
220,Thinadhoo,MV,2021-01-30 03:33:28,0.5333,72.9333,82.0,75,94,13.0
221,Honningsvag,NO,2021-01-30 03:33:28,70.9821,25.9704,25.11,93,100,15.77
222,Saint Anthony,US,2021-01-30 03:33:28,45.0205,-93.218,25.0,58,90,10.36
223,Dudinka,RU,2021-01-30 03:33:28,69.4058,86.1778,-37.64,77,0,3.02
224,Dubti,ET,2021-01-30 03:33:28,11.7361,41.0853,62.65,85,0,3.31
225,Tomter,NO,2021-01-30 03:33:28,59.65,11.0,12.0,92,14,1.01
226,Baherden,TM,2021-01-30 03:33:28,38.4362,57.4316,53.29,42,96,7.56
227,Riyadh,SA,2021-01-30 03:31:49,24.6877,46.7219,60.8,31,60,5.75
228,Vijes,CO,2021-01-30 03:33:29,3.6993,-76.4423,73.4,73,75,8.05
229,Barinas,VE,2021-01-30 03:33:29,8.6226,-70.2075,75.22,55,45,3.29
230,Gloversville,US,2021-01-30 03:31:27,43.0528,-74.3438,3.2,66,1,8.05
231,Cockburn Town,TC,2021-01-30 03:33:29,21.4612,-71.1419,72.43,72,3,19.69
232,Neuquen,AR,2021-01-30 03:33:29,-38.9516,-68.0591,64.4,77,0,3.44
233,Jalu,LY,2021-01-30 03:33:29,29.0331,21.5482,53.35,71,0,10.27
234,Barentu,ER,2021-01-30 03:33:29,15.1139,37.5928,58.39,89,7,3.71
235,Magnor,SE,2021-01-30 03:33:29,59.9511,12.1996,8.01,92,0,3.44
236,Makhachkala,RU,2021-01-30 03:33:30,42.9764,47.5024,41.0,93,90,4.47
237,Muros,ES,2021-01-30 03:33:30,42.7762,-9.0603,57.99,77,11,18.01
238,Batsfjord,NO,2021-01-30 03:33:30,70.6345,29.7185,24.19,95,100,16.87
239,Mezen,RU,2021-01-30 03:33:30,65.8522,44.24,9.9,95,100,10.04
240,Lamego,PT,2021-01-30 03:33:30,41.0974,-7.8099,55.0,8,86,11.99
241,Bereda,ES,2021-01-30 03:33:30,43.2686,-7.5406,51.01,96,74,14.0
242,Ilulissat,GL,2021-01-30 03:33:30,69.2167,-51.1,-0.4,55,0,8.05
243,Ozinki,RU,2021-01-30 03:33:31,51.1786,49.6769,20.77,95,71,6.82
244,Sabha,LY,2021-01-30 03:33:31,27.0377,14.4283,48.11,69,0,2.73
245,San Carlos De Bariloche,AR,2021-01-30 03:29:04,-41.1456,-71.3082,53.6,71,0,6.91
246,Bambous Virieux,MU,2021-01-30 03:33:31,-20.3428,57.7575,82.99,89,40,8.05
247,Natitingou,BJ,2021-01-30 03:33:31,10.3042,1.3796,73.4,21,0,6.91
248,Maceio,BR,2021-01-30 03:32:38,-9.6658,-35.7353,75.2,94,75,2.3
249,Sainte-Marie,RE,2021-01-30 03:33:31,-20.8968,55.5496,80.6,61,6,12.66
250,Ponta Delgada,PT,2021-01-30 03:33:32,37.7333,-25.6667,59.0,94,20,8.05
251,Aix-Les-Bains,FR,2021-01-30 03:33:32,45.6834,5.9224,44.6,81,0,8.05
252,Kroonstad,ZA,2021-01-30 03:29:07,-27.6504,27.2349,62.01,92,97,5.73
253,Mirabad,AF,2021-01-30 03:33:32,30.4362,61.8383,55.8,29,77,5.59
254,Mehamn,NO,2021-01-30 03:33:32,71.0357,27.8492,25.0,96,100,17.47
255,Ipanguacu,BR,2021-01-30 03:32:04,-5.4983,-36.855,78.24,73,100,10.02
256,Imbituba,BR,2021-01-30 03:33:32,-28.24,-48.6703,75.2,94,75,9.22
257,Ornes,NO,2021-01-30 03:33:32,66.8689,13.7078,21.2,53,75,19.57
258,Yasnogorsk,RU,2021-01-30 03:33:33,54.4803,37.6975,15.58,97,95,11.03
259,Peniche,PT,2021-01-30 03:33:33,39.3558,-9.3811,57.99,96,100,14.0
260,Korla,CN,2021-01-30 03:33:33,41.7597,86.1469,27.86,76,0,5.03
261,Cayenne,GF,2021-01-30 03:30:07,4.9333,-52.3333,75.2,100,75,2.3
262,Maniitsoq,GL,2021-01-30 03:33:33,65.4167,-52.9,19.13,75,0,5.84
263,Manicore,BR,2021-01-30 03:33:33,-5.8092,-61.3003,75.2,100,75,1.14
264,Rozivka,UA,2021-01-30 03:33:33,46.9385,35.7724,39.6,94,99,9.95
265,Ratne,UA,2021-01-30 03:33:33,51.6683,24.5303,26.6,93,90,2.24
266,Le Port,RE,2021-01-30 03:33:34,-20.9373,55.2919,80.6,61,1,12.66
267,Yar-Sale,RU,2021-01-30 03:33:34,66.8333,70.8333,-38.33,82,38,4.56
268,Saint-Francois,FR,2021-01-30 03:33:34,46.4154,3.9054,46.4,76,0,8.05
269,Vuktyl,RU,2021-01-30 03:33:34,63.8567,57.3094,-9.18,87,100,9.08
270,Rwamagana,RW,2021-01-30 03:33:34,-1.9487,30.4347,64.4,82,40,2.3
271,George Town,MY,2021-01-30 03:32:52,5.4112,100.3354,86.0,61,20,8.05
272,Victoria,HK,2021-01-30 03:30:03,22.2855,114.1577,69.01,63,0,3.0
273,Alterosa,BR,2021-01-30 03:33:34,-21.2492,-46.1431,66.04,82,100,0.87
274,Lazurne,UA,2021-01-30 03:33:35,46.084,32.5295,32.0,93,75,6.71
275,Axim,GH,2021-01-30 03:33:35,4.8699,-2.2405,77.59,86,0,6.17
276,Pavlovka,RU,2021-01-30 03:33:35,52.6897,47.1405,23.5,97,96,11.14
277,Thunder Bay,CA,2021-01-30 03:33:08,48.4001,-89.3168,3.99,77,75,2.3
278,Nangal,IN,2021-01-30 03:33:35,31.3667,76.3833,57.51,35,0,2.1
279,Abu Samrah,SY,2021-01-30 03:33:35,35.3029,37.1841,42.55,73,5,13.96
280,Chicama,PE,2021-01-30 03:33:36,-7.8447,-79.1469,72.97,70,79,5.1
281,Koindu,GN,2021-01-30 03:33:36,8.4386,-10.3253,68.56,98,4,2.44
282,Bowmore,US,2021-01-30 03:33:36,34.9421,-79.3031,30.2,69,1,2.86
283,Bajil,YE,2021-01-30 03:33:36,15.0584,43.2851,70.56,81,7,4.65
284,Rameswaram,IN,2021-01-30 03:33:37,9.2833,79.3,79.25,81,26,21.07
285,Coihueco,CL,2021-01-30 03:33:37,-36.6167,-71.8333,60.8,100,90,10.36
286,Iisaku,EE,2021-01-30 03:33:37,59.1014,27.3081,27.14,99,100,7.61
287,Huallanca,PE,2021-01-30 03:33:37,-9.8993,-76.9417,44.06,77,100,1.48
288,Linguere,SN,2021-01-30 03:33:37,15.3953,-15.1193,69.48,20,0,11.27
289,Novyy Urengoy,RU,2021-01-30 03:33:05,66.0833,76.6333,-40.95,81,3,3.36
290,Rumilly,FR,2021-01-30 03:33:38,45.8667,5.95,44.6,87,0,5.75
291,Muisne,EC,2021-01-30 03:33:38,0.6,-80.0333,77.4,87,66,3.4
292,Cap Malheureux,MU,2021-01-30 03:33:38,-19.9842,57.6142,82.99,76,0,5.01
293,High Rock,BS,2021-01-30 03:33:38,26.6208,-78.2833,59.0,67,0,5.75
294,Matay,EG,2021-01-30 03:33:38,28.419,30.7792,39.56,75,0,1.63
295,Tabas,IR,2021-01-30 03:33:38,33.5959,56.9244,44.6,21,31,4.61
296,Linares,CL,2021-01-30 03:33:38,-35.85,-71.6,60.35,96,100,5.7
297,Bara,NG,2021-01-30 03:33:38,10.3744,10.7288,63.88,27,0,7.52
298,Robertsport,LR,2021-01-30 03:33:39,6.7533,-11.3686,79.65,85,20,5.7
299,Kosh-Agach,RU,2021-01-30 03:33:39,50.0,88.6667,0.9,87,49,1.28
300,Nova Vodolaha,UA,2021-01-30 03:33:39,49.7185,35.8708,26.6,80,75,13.42
301,Agadez,NE,2021-01-30 03:33:39,19.75,10.25,52.56,37,0,8.66
302,Derzhavinsk,KZ,2021-01-30 03:33:39,51.1,66.3167,16.29,92,79,11.05
303,Kushmurun,KZ,2021-01-30 03:33:39,52.4503,64.6311,15.96,92,99,9.08
304,Sorland,NO,2021-01-30 03:33:39,67.667,12.6934,23.0,74,20,2.3
305,Porto Torres,IT,2021-01-30 03:33:39,40.835,8.3972,55.4,88,0,2.3
306,Yangambi,CD,2021-01-30 03:33:40,0.8102,24.4336,70.02,92,79,1.43
307,Sisimiut,GL,2021-01-30 03:33:40,66.9395,-53.6735,7.61,87,2,9.93
308,Mingaora,PK,2021-01-30 03:31:42,34.7758,72.3625,47.52,39,0,6.67
309,Atar,MR,2021-01-30 03:33:40,20.5169,-13.0499,64.65,27,47,11.56
310,Uvarovka,RU,2021-01-30 03:33:40,55.5278,35.6061,20.17,97,100,9.84
311,Shetpe,KZ,2021-01-30 03:33:40,44.1667,52.1167,29.7,95,19,5.93
312,Farsund,NO,2021-01-30 03:33:40,58.0948,6.8047,32.63,92,86,11.88
313,Terrace Bay,CA,2021-01-30 03:33:41,48.7834,-87.1,-0.4,85,21,5.75
314,Banapur,IN,2021-01-30 03:33:41,19.7833,85.1833,78.33,59,0,3.44
315,Narsingi,IN,2021-01-30 03:33:41,18.0333,78.4333,75.0,78,20,4.45
316,Rey Bouba,CM,2021-01-30 03:33:41,8.6724,14.1786,66.88,24,0,0.18
317,Painesville,US,2021-01-30 03:33:41,41.7245,-81.2457,26.01,63,90,6.91
318,Baijiantan,CN,2021-01-30 03:33:41,45.6333,85.1833,8.53,90,1,2.1
319,Proletariy,RU,2021-01-30 03:33:41,58.4342,31.7046,25.32,98,97,4.74
320,Rawson,AR,2021-01-30 03:33:41,-43.3002,-65.1023,57.22,51,0,9.53
321,Turmalina,BR,2021-01-30 03:33:42,-17.2856,-42.73,64.15,92,0,2.46
322,Ryzdvyanyy,RU,2021-01-30 03:33:42,45.2656,41.8389,33.8,93,75,13.42
323,Contamana,PE,2021-01-30 03:33:42,-7.3333,-75.0167,76.19,83,95,2.51
324,La Sarre,CA,2021-01-30 03:33:42,48.8002,-79.1996,-9.87,90,51,4.76
325,Quatre Cocos,MU,2021-01-30 03:33:42,-20.2078,57.7625,82.99,89,40,8.05
326,Acarau,BR,2021-01-30 03:33:42,-2.8856,-40.12,79.0,84,84,12.66
327,Iracoubo,GF,2021-01-30 03:33:42,5.4802,-53.2011,76.82,88,95,13.4
328,Oranjemund,NA,2021-01-30 03:33:42,-28.55,16.4333,59.67,90,3,11.9
329,Vestmanna,FO,2021-01-30 03:33:43,62.1564,-7.1664,33.8,64,75,4.61
330,Hofn,IS,2021-01-30 03:33:43,64.2539,-15.2082,31.5,81,76,4.76
331,Kolondieba,ML,2021-01-30 03:33:43,11.0882,-6.8926,68.56,22,0,4.88
332,San Cristobal,VE,2021-01-30 03:33:43,7.7669,-72.225,63.48,76,35,1.54
333,Baft,IR,2021-01-30 03:33:43,29.234,56.6057,45.75,51,82,1.81
334,Gola Bazar,IN,2021-01-30 03:33:43,26.3431,83.3553,55.67,48,0,7.34
335,Clyde River,CA,2021-01-30 03:33:43,70.4692,-68.5914,-16.6,83,1,5.75
336,Antropovo,RU,2021-01-30 03:33:44,58.3988,43.0066,23.67,98,100,9.71
337,Lugovoy,KZ,2021-01-30 03:33:44,42.9472,72.7644,26.6,80,67,5.17
338,Ferme-Neuve,CA,2021-01-30 03:33:44,46.7001,-75.4493,3.2,72,78,4.61
339,Lodwar,KE,2021-01-30 03:33:44,3.1191,35.5973,77.22,46,63,4.72
340,Parintins,BR,2021-01-30 03:33:44,-2.6283,-56.7358,74.12,96,81,2.13
341,Lasa,IT,2021-01-30 03:33:44,46.6166,10.7002,32.0,93,90,3.44
342,Uyemskiy,RU,2021-01-30 03:33:44,64.4743,40.8524,19.4,86,90,11.18
343,Raudeberg,NO,2021-01-30 03:33:45,61.9875,5.1352,33.01,91,76,22.91
344,Ostrovskoye,RU,2021-01-30 03:33:45,57.8057,42.2433,24.37,97,100,9.46
345,Hurghada,EG,2021-01-30 03:33:45,27.2574,33.8129,51.8,46,0,9.22
346,Khorixas,NA,2021-01-30 03:33:45,-20.3667,14.9667,67.68,51,96,2.77
347,Bud,US,2021-01-30 03:33:45,39.447,-86.1758,27.0,81,63,6.73
348,Ous,RU,2021-01-30 03:33:45,60.9058,61.5186,-12.46,89,100,6.51
349,Jardim,BR,2021-01-30 03:33:45,-21.4803,-56.1381,73.36,88,92,5.21
350,Rafai,CF,2021-01-30 03:33:45,4.95,23.9167,68.09,34,87,2.28
351,Havelock,US,2021-01-30 03:33:45,34.8791,-76.9013,32.0,55,1,5.75
352,Inhambane,MZ,2021-01-30 03:33:46,-23.865,35.3833,71.6,100,75,3.67
353,Peterhead,GB,2021-01-30 03:33:46,57.5058,-1.7981,28.99,100,75,1.14
354,Leshukonskoye,RU,2021-01-30 03:33:46,64.8989,45.7622,14.85,96,100,9.06
355,Maine-Soroa,NE,2021-01-30 03:33:46,13.2114,12.0241,62.4,27,0,12.71
356,Aktash,RU,2021-01-30 03:33:46,50.3,87.7333,11.21,90,66,3.4
357,Mamontovo,RU,2021-01-30 03:33:46,52.7055,81.6244,12.49,96,100,6.87
358,Ustye,RU,2021-01-30 03:33:47,59.6304,39.736,22.82,97,100,9.89
359,Zemio,CF,2021-01-30 03:33:47,5.0314,25.1361,61.92,32,50,1.48
360,Brae,GB,2021-01-30 03:33:47,60.3964,-1.353,32.0,80,75,8.05
361,Gornopravdinsk,RU,2021-01-30 03:33:47,60.05,69.9,-17.82,85,98,9.57
362,Chinhoyi,ZW,2021-01-30 03:33:47,-17.3667,30.2,64.8,94,100,4.32
363,Sao Jose Da Coroa Grande,BR,2021-01-30 03:33:47,-8.8978,-35.1478,77.47,82,100,9.06
364,Ugoofaaru,MV,2021-01-30 03:33:47,5.6667,73.0,80.96,69,0,11.01
365,Portoferraio,IT,2021-01-30 03:33:48,42.8115,10.3146,57.0,69,95,5.99
366,Thohoyandou,ZA,2021-01-30 03:33:48,-22.9456,30.485,68.68,97,95,1.32
367,Iskateley,RU,2021-01-30 03:33:48,67.6803,53.1512,-7.35,86,100,16.4
368,Bikaner,IN,2021-01-30 03:33:48,28.0167,73.3,63.34,24,0,5.35
369,Mfou,CM,2021-01-30 03:33:48,3.7159,11.6427,69.73,87,90,3.31
370,Hearst,CA,2021-01-30 03:33:48,49.6835,-83.6665,-11.2,84,95,2.3
371,Nizhniy Odes,RU,2021-01-30 03:33:48,63.6445,54.856,-2.49,91,100,13.2
372,Krasnoye,UA,2021-01-30 03:33:48,49.9145,24.6134,26.6,100,75,4.47
373,Semenivka,UA,2021-01-30 03:33:49,52.1783,32.5818,22.5,97,99,13.4
374,Pisco,PE,2021-01-30 03:33:49,-13.7,-76.2167,71.6,73,0,6.91
375,Qasigiannguit,GL,2021-01-30 03:33:49,68.8193,-51.1922,-0.4,55,0,8.05
376,Conceicao Do Araguaia,BR,2021-01-30 03:33:49,-8.2578,-49.2647,74.07,91,98,1.48
377,Ballina,AU,2021-01-30 03:33:49,-28.8667,153.5667,86.0,65,40,13.8
378,Sechura,PE,2021-01-30 03:33:49,-5.5569,-80.8222,76.95,64,84,12.3
379,Santarem,BR,2021-01-30 03:33:49,-2.4431,-54.7083,80.6,83,40,8.05
380,Svetlyy Yar,RU,2021-01-30 03:33:50,48.4748,44.781,32.0,93,0,13.42
381,El Tigre,VE,2021-01-30 03:33:50,8.8875,-64.2454,74.01,68,61,13.22
382,Liverpool,GB,2021-01-30 03:32:47,53.4106,-2.9779,41.0,81,90,20.71
383,Barra Patuca,HN,2021-01-30 03:33:50,15.8,-84.2833,74.7,86,41,12.01
384,Oume,JP,2021-01-30 03:33:50,35.7839,139.2431,44.6,18,1,4.61
385,Gazanjyk,TM,2021-01-30 03:33:50,39.2446,55.5154,47.59,52,100,8.84
386,Sao Felix Do Xingu,BR,2021-01-30 03:33:50,-6.6447,-51.995,72.59,96,100,1.07
387,Iralaya,HN,2021-01-30 03:33:50,15.0,-83.2333,76.21,83,19,13.18
388,Vieste,IT,2021-01-30 03:33:51,41.8825,16.175,48.2,100,0,11.5
389,Barra,BR,2021-01-30 03:33:51,-11.0894,-43.1417,79.18,53,65,8.5
390,Hobyo,SO,2021-01-30 03:33:51,5.3505,48.5268,75.87,76,32,15.88
391,Asfi,MA,2021-01-30 03:29:28,32.2994,-9.2372,57.42,91,18,10.16
392,San Pedro,PH,2021-01-30 03:33:02,14.35,121.0167,84.2,54,40,17.27
393,Novoagansk,RU,2021-01-30 03:33:51,61.9449,76.6625,-39.8,80,11,2.3
394,Glens Falls,US,2021-01-30 03:33:46,43.3095,-73.644,3.0,81,23,2.62
395,Inirida,CO,2021-01-30 03:33:51,3.8653,-67.9239,76.15,77,88,1.43
396,Elliot,ZA,2021-01-30 03:33:52,-31.3333,27.85,57.11,60,7,6.04
397,Tambacounda,SN,2021-01-30 03:33:52,13.7539,-13.7586,69.8,26,0,6.91
398,Ballinasloe,IE,2021-01-30 03:33:52,53.3275,-8.2194,42.01,92,100,7.0
399,Dombarovskiy,RU,2021-01-30 03:33:52,50.7587,59.5386,16.59,96,100,11.5
400,Carauari,BR,2021-01-30 03:33:52,-4.8828,-66.8958,73.76,96,100,2.33
401,Harper,LR,2021-01-30 03:33:52,4.375,-7.7169,77.77,87,0,6.11
402,Kisangani,CD,2021-01-30 03:33:52,0.5167,25.2,69.94,93,73,0.54
403,Tessalit,ML,2021-01-30 03:33:53,20.1986,1.0114,59.41,29,0,11.41
404,Boffa,GN,2021-01-30 03:33:53,10.1667,-14.0333,68.22,90,1,2.33
405,Awjilah,LY,2021-01-30 03:33:53,29.1081,21.2869,53.96,70,0,11.12
406,Asuncion,PY,2021-01-30 03:32:40,-25.3007,-57.6359,77.0,94,0,4.61
407,Meulaboh,ID,2021-01-30 03:33:53,4.1363,96.1285,84.6,63,69,2.98
408,Jan Kempdorp,ZA,2021-01-30 03:33:53,-27.9225,24.8305,68.7,73,59,8.08
409,Jurm,AF,2021-01-30 03:33:53,36.8648,70.8342,33.58,65,21,6.13
410,Santa Cruz Cabralia,BR,2021-01-30 03:33:53,-16.2781,-39.0247,78.8,73,20,9.22
411,Romitan,UZ,2021-01-30 03:33:54,39.9343,64.3814,37.4,60,0,4.61
412,Laguna,US,2021-01-30 03:33:54,38.421,-121.4238,46.99,87,1,4.61
413,Argelia,CO,2021-01-30 03:33:54,2.2556,-77.2488,67.44,80,95,0.43
414,Novo Aripuana,BR,2021-01-30 03:33:54,-5.1206,-60.3797,73.72,96,100,1.68
415,Filingue,NE,2021-01-30 03:33:54,14.3521,3.3168,67.6,23,44,12.64
416,Constitucion,CL,2021-01-30 03:33:54,-35.3333,-72.4167,61.3,95,100,9.24
417,Bengkulu,ID,2021-01-30 03:33:54,-3.8004,102.2655,86.88,58,95,3.94
418,Caravelas,BR,2021-01-30 03:33:54,-17.7125,-39.2481,75.02,89,4,5.99
419,Puerto El Triunfo,SV,2021-01-30 03:33:55,13.2833,-88.55,84.2,42,0,10.36
420,Ouesso,CG,2021-01-30 03:33:55,1.6136,16.0517,72.75,89,99,1.97
421,Vynohradove,UA,2021-01-30 03:33:55,46.3696,32.9398,32.0,93,75,6.71
422,Kaka,TM,2021-01-30 03:33:55,37.3482,59.6143,48.31,49,10,1.72
423,Leh,IN,2021-01-30 03:32:50,34.1667,77.5833,3.54,66,0,1.59
424,Motupe,PE,2021-01-30 03:33:55,-6.1519,-79.7142,76.41,63,94,3.98
425,Maraa,BR,2021-01-30 03:33:55,-1.8333,-65.3667,74.41,78,58,2.57
426,Aden,YE,2021-01-30 03:33:56,12.7794,45.0367,74.05,75,14,11.1
427,Puerto Leguizamo,CO,2021-01-30 03:33:56,-0.1934,-74.7819,73.4,73,94,2.66
428,Shahrud,IR,2021-01-30 03:33:56,36.4182,54.9763,40.69,66,59,3.29
429,Havre-Saint-Pierre,CA,2021-01-30 03:33:56,50.2334,-63.5986,8.6,66,1,3.44
430,Mitu,CO,2021-01-30 03:33:56,1.1983,-70.1733,74.32,87,98,2.17
431,Veraval,IN,2021-01-30 03:33:56,20.9,70.3667,70.61,25,82,12.95
432,Antalaha,MG,2021-01-30 03:33:56,-14.9003,50.2788,76.71,87,12,3.24
433,Bombay,IN,2021-01-30 03:31:37,19.0144,72.8479,73.4,56,100,4.61
434,Dori,BF,2021-01-30 03:33:57,14.0354,-0.0345,67.28,22,15,10.13
435,Lethem,GY,2021-01-30 03:33:57,3.3803,-59.7968,78.73,69,61,12.03
436,Dubrovka,RU,2021-01-30 03:33:57,53.6907,33.5071,24.8,86,90,11.18
437,Marienburg,PL,2021-01-30 03:33:57,54.0359,19.0266,27.0,95,100,1.01
438,Rio Grande,BR,2021-01-30 03:33:57,-32.035,-52.0986,75.0,94,100,4.63
439,Herrin,US,2021-01-30 03:33:57,37.8031,-89.0276,35.6,69,1,6.91
440,Gazojak,TM,2021-01-30 03:33:57,41.1875,61.4036,44.51,53,100,12.91
441,Riohacha,CO,2021-01-30 03:30:42,11.5444,-72.9072,73.15,79,21,9.13
442,Toamasina,MG,2021-01-30 03:33:13,-18.1667,49.3833,75.2,94,40,4.61
443,Menongue,AO,2021-01-30 03:33:58,-14.6585,17.691,59.7,95,52,3.58
444,Ornskoldsvik,SE,2021-01-30 03:33:58,63.2909,18.7153,5.0,92,93,8.05
445,Garowe,SO,2021-01-30 03:33:58,8.4054,48.4845,61.99,90,41,9.46
446,Hemsedal,NO,2021-01-30 03:33:58,60.8629,8.5534,7.0,86,72,7.76
447,Bulawayo,ZW,2021-01-30 03:33:58,-20.15,28.5833,64.54,95,100,8.41
448,Sayyan,YE,2021-01-30 03:33:58,15.1718,44.3244,47.08,67,39,1.16
449,Cururupu,BR,2021-01-30 03:33:59,-1.8283,-44.8683,77.18,87,94,4.7
450,Putina,PE,2021-01-30 03:33:59,-15.4667,-69.4333,46.92,74,88,4.9
451,Changji,CN,2021-01-30 03:33:59,44.0167,87.3167,1.4,85,90,2.24
452,Erechim,BR,2021-01-30 03:33:59,-27.6342,-52.2739,68.0,100,75,4.05
453,Carmo Do Paranaiba,BR,2021-01-30 03:33:59,-19.0008,-46.3161,64.99,100,100,1.19
454,Traverse City,US,2021-01-30 03:33:59,44.7631,-85.6206,10.4,85,1,4.36
455,Mbini,GQ,2021-01-30 03:33:59,1.574,9.6134,78.8,100,40,2.75
456,Boueni,YT,2021-01-30 03:34:00,-12.9025,45.0761,78.8,89,75,2.3
457,Saint-Georges,GD,2021-01-30 03:34:00,12.0564,-61.7485,77.0,78,40,12.77
458,Tucuma,BR,2021-01-30 03:34:00,-0.1833,-50.05,77.0,90,100,8.68
459,Santa Maria,BR,2021-01-30 03:34:00,-29.6842,-53.8069,75.2,83,0,4.61
460,Ciudad Bolivar,VE,2021-01-30 03:34:00,8.1222,-63.5497,76.46,69,6,12.86
461,Mecca,SA,2021-01-30 03:34:00,21.4267,39.8261,63.73,44,0,9.8
462,Zlotow,PL,2021-01-30 03:34:00,53.3635,17.0408,30.0,98,100,8.16
463,Poltavka,RU,2021-01-30 03:34:01,54.3663,71.7632,11.28,93,59,7.16
464,Moville,US,2021-01-30 03:34:01,42.4889,-96.0725,32.0,86,90,12.66
465,Visby,SE,2021-01-30 03:34:01,57.6409,18.296,30.2,80,90,17.27
466,Antofagasta,CL,2021-01-30 03:33:05,-23.65,-70.4,66.2,77,0,10.36
467,Salme,NP,2021-01-30 03:34:01,28.0369,85.0942,46.4,76,20,2.3
468,Cherusti,RU,2021-01-30 03:34:01,55.5498,40.0107,26.11,98,100,7.36
469,Viedma,AR,2021-01-30 03:30:27,-40.8135,-62.9967,57.0,72,0,7.67
470,Svetlogorsk,BY,2021-01-30 03:34:02,52.6333,29.7333,21.36,96,98,10.25
471,Mangai,CD,2021-01-30 03:34:02,-4.05,19.5333,69.28,97,57,1.68
472,Abu Kamal,SY,2021-01-30 03:34:02,34.4506,40.9171,44.78,70,2,10.25
473,Troitskoye,RU,2021-01-30 03:34:02,52.9821,84.6757,19.72,97,100,9.57
474,Napoleon,US,2021-01-30 03:29:46,41.3923,-84.1252,19.4,73,1,1.43
475,Vieques,PR,2021-01-30 03:34:02,18.425,-65.8329,75.2,78,40,3.44
476,Manmad,IN,2021-01-30 03:34:03,20.25,74.45,66.87,25,81,10.02
477,Baglung,NP,2021-01-30 03:34:03,28.2719,83.5898,59.88,30,0,3.42
478,Taoudenni,ML,2021-01-30 03:34:03,22.6783,-3.9836,64.29,28,0,10.36
479,Shumyachi,RU,2021-01-30 03:34:03,53.8583,32.4242,21.11,97,100,13.67
480,Puerto Quijarro,BO,2021-01-30 03:34:03,-17.7833,-57.7667,75.45,84,100,2.33
481,Mega,ET,2021-01-30 03:34:03,4.05,38.3,57.25,45,22,8.34
482,Piranshahr,IR,2021-01-30 03:34:03,36.701,45.1413,30.43,94,67,8.84
483,Caucaia,BR,2021-01-30 03:34:03,-3.7361,-38.6531,81.0,78,20,11.5
484,Roald,NO,2021-01-30 03:34:04,62.5833,6.1333,35.6,75,90,8.05
485,Borovichi,RU,2021-01-30 03:34:04,58.3878,33.9155,24.53,97,99,9.37
486,Dembi Dolo,ET,2021-01-30 03:34:04,8.5333,34.8,62.06,32,91,7.74
487,Oktyabrskiy,RU,2021-01-30 03:34:04,54.4815,53.471,23.81,98,89,5.88
488,Krutinka,RU,2021-01-30 03:34:04,56.0055,71.5113,6.62,95,65,8.01
489,Kutum,SD,2021-01-30 03:34:04,14.2,24.6667,49.93,42,0,10.74
490,Umtata,ZA,2021-01-30 03:34:04,-31.5889,28.7844,60.8,94,99,2.3
491,Usinsk,RU,2021-01-30 03:34:04,65.9939,57.5281,-7.69,88,100,10.33
492,Baixa Grande,BR,2021-01-30 03:34:05,-11.9597,-40.1681,69.1,91,100,3.58
493,Puri,IN,2021-01-30 03:34:05,19.8,85.85,69.8,83,20,4.61
494,Olsztyn,PL,2021-01-30 03:34:05,53.7799,20.4942,15.8,100,100,1.14
495,Benguela,AO,2021-01-30 03:34:05,-12.5763,13.4055,75.4,79,97,3.4
496,Mahibadhoo,MV,2021-01-30 03:34:05,3.7833,72.9667,80.44,76,0,13.0
497,Portobelo,PA,2021-01-30 03:34:05,9.55,-79.65,79.0,75,70,7.0
498,Maposeni,TZ,2021-01-30 03:34:06,-10.5833,35.4,63.91,95,100,0.96
499,Salalah,OM,2021-01-30 03:34:06,17.0151,54.0924,69.8,64,75,4.61
500,Pangoa,PE,2021-01-30 03:34:06,-12.1167,-73.0,68.56,95,100,2.04
501,Cruzilia,BR,2021-01-30 03:34:06,-21.8386,-44.8083,64.29,91,76,3.24
502,Charleville-Mezieres,FR,2021-01-30 03:34:06,49.7667,4.7167,41.0,91,100,8.01
503,Kudahuvadhoo,MV,2021-01-30 03:34:06,2.6708,72.8944,80.8,79,0,14.56
504,Lolodorf,CM,2021-01-30 03:34:06,3.2333,10.7333,69.42,96,99,0.72
505,Leirvik,NO,2021-01-30 03:34:07,59.7798,5.5005,30.99,82,80,1.99
506,La Romana,DO,2021-01-30 03:34:07,18.4273,-68.9728,69.8,100,40,8.55
507,Magole,TZ,2021-01-30 03:34:07,-6.3667,37.3667,72.37,92,100,0.56
508,Plyussa,RU,2021-01-30 03:34:07,58.4308,29.3654,24.04,98,100,3.69
509,Opuwo,NA,2021-01-30 03:34:07,-18.0607,13.84,68.56,61,95,4.54
510,Zlobin,HR,2021-01-30 03:34:07,45.2924,14.6541,48.2,93,75,4.61
511,Tonota,BW,2021-01-30 03:34:08,-21.4833,27.4833,67.89,91,82,7.96
512,Srivardhan,IN,2021-01-30 03:34:08,18.0333,73.0167,81.09,32,59,3.8
513,Maragogi,BR,2021-01-30 03:34:08,-9.0122,-35.2225,77.65,83,100,10.92
514,Abonnema,NG,2021-01-30 03:34:08,4.7084,6.7931,78.26,88,98,2.84
515,Natal,BR,2021-01-30 03:31:44,-5.795,-35.2094,78.8,83,40,8.05
516,Sao Filipe,CV,2021-01-30 03:34:08,14.8961,-24.4956,74.86,54,98,9.62
517,Goksun,TR,2021-01-30 03:34:08,38.021,36.4973,30.2,93,0,4.61
518,Novo Oriente,BR,2021-01-30 03:34:08,-5.5344,-40.7742,72.91,87,100,1.21
519,Belmopan,BZ,2021-01-30 03:34:08,17.25,-88.7667,70.0,72,76,1.1
520,Tevriz,RU,2021-01-30 03:34:09,57.509,72.4042,-4.83,89,100,7.67
521,Marsa Matruh,EG,2021-01-30 03:34:09,31.3525,27.2453,55.4,62,40,13.8
522,Granja,BR,2021-01-30 03:34:09,-3.1203,-40.8261,74.86,91,99,3.31
523,Rocha,UY,2021-01-30 03:34:09,-34.4833,-54.3333,65.46,81,3,4.83
524,Totness,SR,2021-01-30 03:34:09,5.8833,-56.3167,76.28,90,74,12.93
525,Lancaster,US,2021-01-30 03:32:00,40.2504,-76.2499,26.6,43,90,9.22
526,Gat,IL,2021-01-30 03:34:10,31.61,34.7642,48.99,100,51,1.99
527,Obo,CF,2021-01-30 03:34:10,5.3998,26.4869,71.04,20,82,6.89
528,Poli,TZ,2021-01-30 03:34:10,-3.3333,36.8,66.2,77,20,8.05
529,Kizner,RU,2021-01-30 03:34:10,56.2749,51.508,24.6,98,96,5.77
530,Tsagan Aman,RU,2021-01-30 03:34:10,47.5639,46.7218,30.0,99,98,1.01
531,Kormilovka,RU,2021-01-30 03:34:11,55.0026,74.1028,-0.4,85,75,2.24
532,Quelimane,MZ,2021-01-30 03:34:11,-17.8786,36.8883,77.56,89,99,0.87
533,Satinka,RU,2021-01-30 03:34:11,52.3792,41.6819,28.0,97,100,10.92
534,Casablanca,MA,2021-01-30 03:34:11,33.5928,-7.6192,59.0,100,40,2.3
535,Konstantinovskiy,RU,2021-01-30 03:34:11,57.8301,39.5899,28.4,93,90,6.71
536,Novichikha,RU,2021-01-30 03:34:11,52.204,81.3877,11.34,95,100,7.38
537,Omaruru,NA,2021-01-30 03:34:12,-21.4333,15.9333,69.21,60,29,0.36
538,Yabrud,SY,2021-01-30 03:34:12,33.9674,36.6574,39.2,81,40,17.27
539,Tougan,BF,2021-01-30 03:34:12,13.0667,-3.0667,69.91,22,40,10.49
540,Caxito,AO,2021-01-30 03:34:12,-8.5785,13.6643,78.8,83,40,6.91
541,Nizhnyaya Tavda,RU,2021-01-30 03:34:12,57.6731,66.1725,7.18,95,94,8.57
542,Tocopilla,CL,2021-01-30 03:31:53,-22.092,-70.1979,66.69,56,0,3.47
543,Tambovka,RU,2021-01-30 03:34:12,50.0969,128.0489,-25.6,68,0,4.47
544,Abalak,RU,2021-01-30 03:34:13,58.1286,68.5944,-0.69,93,100,10.36
545,Manta,EC,2021-01-30 03:34:13,-0.95,-80.7333,80.6,78,75,4.61
546,Lukovetskiy,RU,2021-01-30 03:34:13,64.2956,41.9211,19.4,86,90,11.18
547,Hammerfest,NO,2021-01-30 03:34:14,70.6634,23.6821,19.4,73,90,3.44
548,Gobabis,NA,2021-01-30 03:34:14,-22.45,18.9667,71.17,67,98,4.97
549,Partenit,UA,2021-01-30 03:34:14,44.578,34.3446,46.99,64,100,5.99
550,Nueve De Julio,AR,2021-01-30 03:34:11,-35.4444,-60.8831,69.01,64,21,5.01
551,Puerto Asis,CO,2021-01-30 03:30:10,0.5133,-76.5007,72.16,91,95,1.43
552,Aljezur,PT,2021-01-30 03:34:14,37.3191,-8.8033,57.99,100,100,5.01
553,Krasna Lipa,CZ,2021-01-30 03:34:14,50.4838,13.3575,39.0,91,90,34.0
554,Cookeville,US,2021-01-30 03:34:14,36.1628,-85.5016,34.0,86,1,5.3
555,Roros,NO,2021-01-30 03:34:14,62.5747,11.3842,-5.8,77,75,4.74
556,Verkhnyaya Inta,RU,2021-01-30 03:34:15,65.9811,60.3094,-2.9,84,100,17.94
557,Saveh,IR,2021-01-30 03:34:15,35.0213,50.3566,42.84,82,44,2.8
558,Kibala,TD,2021-01-30 03:34:15,9.1104,18.3463,69.8,43,0,5.37
559,Araouane,ML,2021-01-30 03:34:16,18.9048,-3.5265,63.43,25,0,10.8
560,Atasu,KZ,2021-01-30 03:34:16,48.6814,71.6433,19.29,91,30,12.01
561,Tazovskiy,RU,2021-01-30 03:34:16,67.4667,78.7,-38.13,79,0,3.71
562,Savannah Bight,HN,2021-01-30 03:34:16,16.45,-85.85,77.68,79,26,14.2
563,Rundu,NA,2021-01-30 03:34:16,-17.9333,19.7667,65.95,94,97,0.81
564,Quedlinburg,DE,2021-01-30 03:34:16,51.7833,11.15,32.0,89,100,1.99
565,Salinopolis,BR,2021-01-30 03:34:17,-0.6136,-47.3561,79.92,81,100,12.97
566,Prieska,ZA,2021-01-30 03:34:17,-29.6641,22.7474,70.45,22,0,3.47
567,Bennington,US,2021-01-30 03:34:17,42.8781,-73.1968,3.0,71,1,3.09
568,Iquique,CL,2021-01-30 03:31:05,-20.2208,-70.1431,69.8,73,0,11.5
569,Nieuw Nickerie,SR,2021-01-30 03:34:17,5.95,-56.9833,77.09,85,45,11.32
